frame_id,track_id,lifetime,time,x1,y1,x2,y2,conf,class_ids,class_name,x,y,z,x_trg,y_trg,z_trg,roll,pitch,yaw
1,0,1,11:46:34.00,684,265,718,290,1.0,,,,,,,,,,,
2,0,2,11:46:34.33,680,265,714,290,1.0,,,,,,,,,,,
3,0,3,11:46:34.46,680,265,714,290,1.0,,,,,,,,,,,
4,0,4,11:46:34.61,676,265,710,290,1.0,,,,,,,,,,,
5,0,5,11:46:34.74,672,265,706,290,1.0,,,,,,,,,,,
6,0,6,11:46:34.88,669,265,703,290,1.0,,,,,,,,,,,
7,0,7,11:46:35.02,665,265,699,290,1.0,,,,,,,,,,,
8,0,8,11:46:35.16,661,265,695,290,1.0,,,,,,,,,,,
9,0,9,11:46:35.32,661,265,695,290,1.0,,,,,,,,,,,
10,0,10,11:46:35.45,658,265,692,290,1.0,,,,,,,,,,,
11,0,11,11:46:35.60,654,265,688,290,1.0,,,,,,,,,,,
12,0,12,11:46:35.72,654,268,688,293,1.0,,,,,,,,,,,
13,0,13,11:46:35.84,650,268,684,293,1.0,,,,,,,,,,,
14,0,14,11:46:35.96,646,268,680,293,1.0,,,,,,,,,,,
15,0,15,11:46:36.09,646,268,680,293,1.0,,,,,,,,,,,
16,0,16,11:46:36.21,643,268,677,293,1.0,,,,,,,,,,,
17,0,17,11:46:36.33,639,268,673,293,1.0,,,,,,,,,,,
18,0,18,11:46:36.45,635,268,669,293,1.0,,,,,,,,,,,
19,0,19,11:46:36.57,635,268,669,293,1.0,,,,,,,,,,,
20,0,20,11:46:36.69,632,268,666,293,1.0,,,,,,,,,,,
21,0,21,11:46:36.81,632,268,666,293,1.0,,,,,,,,,,,
22,0,22,11:46:36.94,632,268,666,293,1.0,,,,,,,,,,,
23,0,23,11:46:37.07,635,268,669,293,1.0,,,,,,,,,,,
24,0,24,11:46:37.20,639,268,673,293,1.0,,,,,,,,,,,
25,0,25,11:46:37.32,646,268,680,293,1.0,,,,,,,,,,,
26,0,26,11:46:37.44,650,268,684,293,1.0,,,,,,,,,,,
27,0,27,11:46:37.56,658,268,692,293,1.0,,,,,,,,,,,
28,0,28,11:46:37.69,661,268,695,293,1.0,,,,,,,,,,,
29,0,29,11:46:37.81,665,268,699,293,1.0,,,,,,,,,,,
30,0,30,11:46:37.93,672,268,706,293,1.0,,,,,,,,,,,
31,0,31,11:46:38.04,680,268,714,293,1.0,,,,,,,,,,,
32,0,32,11:46:38.18,684,268,718,293,1.0,,,,,,,,,,,
33,0,33,11:46:38.30,691,268,725,293,1.0,,,,,,,,,,,
34,0,34,11:46:38.41,698,268,732,293,1.0,,,,,,,,,,,
35,0,35,11:46:38.53,709,265,743,290,1.0,,,,,,,,,,,
36,0,36,11:46:38.65,717,265,751,290,1.0,,,,,,,,,,,
37,0,37,11:46:38.79,721,265,755,290,1.0,,,,,,,,,,,
38,0,38,11:46:38.93,724,265,758,290,1.0,,,,,,,,,,,
39,0,39,11:46:39.06,735,265,769,290,1.0,,,,,,,,,,,
40,0,40,11:46:39.18,743,265,777,290,1.0,,,,,,,,,,,
41,0,41,11:46:39.30,754,265,788,290,1.0,,,,,,,,,,,
42,0,42,11:46:39.41,769,261,803,286,1.0,,,,,,,,,,,
43,0,43,11:46:39.54,776,261,810,286,1.0,,,,,,,,,,,
44,0,44,11:46:39.68,780,261,814,286,1.0,,,,,,,,,,,
45,0,45,11:46:39.81,780,261,814,286,1.0,,,,,,,,,,,
46,0,46,11:46:39.95,780,261,814,286,1.0,,,,,,,,,,,
47,0,47,11:46:40.08,780,257,814,282,1.0,,,,,,,,,,,
48,0,48,11:46:40.20,780,257,814,282,1.0,,,,,,,,,,,
49,0,49,11:46:40.33,776,257,810,282,1.0,,,,,,,,,,,
50,0,50,11:46:40.44,769,253,803,278,1.0,,,,,,,,,,,
51,0,51,11:46:40.57,758,253,792,278,1.0,,,,,,,,,,,
52,0,52,11:46:40.69,750,253,784,278,1.0,,,,,,,,,,,
53,0,53,11:46:40.81,743,253,777,278,1.0,,,,,,,,,,,
54,0,54,11:46:40.95,735,253,769,278,1.0,,,,,,,,,,,
55,0,55,11:46:41.08,728,250,762,275,1.0,,,,,,,,,,,
56,0,56,11:46:41.21,721,250,755,275,1.0,,,,,,,,,,,
57,0,57,11:46:41.33,713,250,747,275,1.0,,,,,,,,,,,
58,0,58,11:46:41.46,702,250,736,275,1.0,,,,,,,,,,,
59,0,59,11:46:41.58,695,246,729,271,1.0,,,,,,,,,,,
60,0,60,11:46:41.70,684,246,718,271,1.0,,,,,,,,,,,
61,0,61,11:46:41.83,676,246,710,271,1.0,,,,,,,,,,,
62,0,62,11:46:41.95,669,246,703,271,1.0,,,,,,,,,,,
63,0,63,11:46:42.06,661,246,695,271,1.0,,,,,,,,,,,
64,0,64,11:46:42.19,646,242,680,267,1.0,,,,,,,,,,,
65,0,65,11:46:42.30,639,242,673,267,1.0,,,,,,,,,,,
66,0,66,11:46:42.44,628,239,662,264,1.0,,,,,,,,,,,
67,0,67,11:46:42.57,617,239,651,264,1.0,,,,,,,,,,,
68,0,68,11:46:42.69,609,239,643,264,1.0,,,,,,,,,,,
69,0,69,11:46:42.81,598,239,632,264,1.0,,,,,,,,,,,
70,0,70,11:46:42.94,587,235,621,260,1.0,,,,,,,,,,,
71,0,71,11:46:43.08,576,235,610,260,1.0,,,,,,,,,,,
72,0,72,11:46:43.20,569,235,603,260,1.0,,,,,,,,,,,
73,0,73,11:46:43.32,554,231,588,256,1.0,,,,,,,,,,,
74,0,74,11:46:43.45,543,231,577,256,1.0,,,,,,,,,,,
75,0,75,11:46:43.58,539,231,573,256,1.0,,,,,,,,,,,
76,0,76,11:46:43.71,535,227,569,252,1.0,,,,,,,,,,,
77,0,77,11:46:43.83,535,227,569,252,1.0,,,,,,,,,,,
78,0,78,11:46:43.96,539,227,573,252,1.0,,,,,,,,,,,
79,0,79,11:46:44.09,543,224,577,249,1.0,,,,,,,,,,,
80,0,80,11:46:44.21,550,224,584,249,1.0,,,,,,,,,,,
81,0,81,11:46:44.32,561,220,595,245,1.0,,,,,,,,,,,
82,0,82,11:46:44.45,572,220,606,245,1.0,,,,,,,,,,,
83,0,83,11:46:44.57,583,220,617,245,1.0,,,,,,,,,,,
84,0,84,11:46:44.68,587,216,621,241,1.0,,,,,,,,,,,
85,0,85,11:46:44.80,591,216,625,241,1.0,,,,,,,,,,,
86,0,86,11:46:44.93,598,213,632,238,1.0,,,,,,,,,,,
87,0,87,11:46:45.06,628,213,662,238,1.0,,,,,,,,,,,
88,0,88,11:46:45.18,632,213,666,238,1.0,,,,,,,,,,,
89,0,89,11:46:45.30,635,213,669,238,1.0,,,,,,,,,,,
90,0,90,11:46:45.43,635,213,669,238,1.0,,,,,,,,,,,
91,0,91,11:46:45.56,635,213,669,238,1.0,,,,,,,,,,,
92,0,92,11:46:45.67,635,213,669,238,1.0,,,,,,,,,,,
93,0,93,11:46:45.78,635,213,669,238,1.0,,,,,,,,,,,
94,0,94,11:46:45.90,635,213,669,238,1.0,,,,,,,,,,,
95,0,95,11:46:46.04,635,213,669,238,1.0,,,,,,,,,,,
96,0,96,11:46:46.15,635,213,669,238,1.0,,,,,,,,,,,
97,0,97,11:46:46.29,635,213,669,238,1.0,,,,,,,,,,,
98,0,98,11:46:46.40,635,213,669,238,1.0,,,,,,,,,,,
99,0,99,11:46:46.53,635,213,669,238,1.0,,,,,,,,,,,
100,0,100,11:46:46.65,635,213,669,238,1.0,,,,,,,,,,,
101,0,101,11:46:46.77,635,213,669,238,1.0,,,,,,,,,,,
102,0,102,11:46:46.89,635,213,669,238,1.0,,,,,,,,,,,
103,0,103,11:46:47.01,635,213,669,238,1.0,,,,,,,,,,,
104,0,104,11:46:47.14,635,213,669,238,1.0,,,,,,,,,,,
105,0,105,11:46:47.26,635,213,669,238,1.0,,,,,,,,,,,
106,0,106,11:46:47.39,635,213,669,238,1.0,,,,,,,,,,,
107,0,107,11:46:47.52,635,213,669,238,1.0,,,,,,,,,,,
108,0,108,11:46:47.63,635,213,669,238,1.0,,,,,,,,,,,
109,0,109,11:46:47.74,635,213,669,238,1.0,,,,,,,,,,,
110,0,110,11:46:47.87,635,213,669,238,1.0,,,,,,,,,,,
111,0,111,11:46:48.00,635,213,669,238,1.0,,,,,,,,,,,
112,0,112,11:46:48.13,635,213,669,238,1.0,,,,,,,,,,,
113,0,113,11:46:48.25,635,213,669,238,1.0,,,,,,,,,,,
114,0,114,11:46:48.38,635,213,669,238,1.0,,,,,,,,,,,
115,0,115,11:46:48.51,635,213,669,238,1.0,,,,,,,,,,,
116,0,116,11:46:48.60,635,213,669,238,1.0,,,,,,,,,,,
117,0,117,11:46:48.73,665,205,699,230,1.0,,,,,,,,,,,
118,0,118,11:46:48.84,654,205,688,230,1.0,,,,,,,,,,,
119,0,119,11:46:48.95,635,205,669,230,1.0,,,,,,,,,,,
120,0,120,11:46:49.06,628,209,662,234,1.0,,,,,,,,,,,
121,0,121,11:46:49.18,598,209,632,234,1.0,,,,,,,,,,,
122,0,122,11:46:49.30,591,213,625,238,1.0,,,,,,,,,,,
123,0,123,11:46:49.43,587,216,621,241,1.0,,,,,,,,,,,
124,0,124,11:46:49.55,587,209,621,234,1.0,,,,,,,,,,,
125,0,125,11:46:49.67,576,202,610,227,1.0,,,,,,,,,,,
126,0,126,11:46:49.81,572,202,606,227,1.0,,,,,,,,,,,
127,0,127,11:46:49.94,572,202,606,227,1.0,,,,,,,,,,,
128,0,128,11:46:50.06,572,202,606,227,1.0,,,,,,,,,,,
129,0,129,11:46:50.17,572,202,606,227,1.0,,,,,,,,,,,
130,0,130,11:46:50.30,572,202,606,227,1.0,,,,,,,,,,,
131,0,131,11:46:50.40,572,202,606,227,1.0,,,,,,,,,,,
132,0,132,11:46:50.51,572,202,606,227,1.0,,,,,,,,,,,
133,0,133,11:46:50.65,572,202,606,227,1.0,,,,,,,,,,,
134,0,134,11:46:50.76,572,202,606,227,1.0,,,,,,,,,,,
135,0,135,11:46:50.89,572,202,606,227,1.0,,,,,,,,,,,
136,0,136,11:46:51.03,572,202,606,227,1.0,,,,,,,,,,,
137,0,137,11:46:51.14,572,202,606,227,1.0,,,,,,,,,,,
138,0,138,11:46:51.27,572,202,606,227,1.0,,,,,,,,,,,
139,0,139,11:46:51.39,572,202,606,227,1.0,,,,,,,,,,,
140,0,140,11:46:51.49,572,202,606,227,1.0,,,,,,,,,,,
141,0,141,11:46:51.62,572,202,606,227,1.0,,,,,,,,,,,
142,0,142,11:46:51.74,572,202,606,227,1.0,,,,,,,,,,,
143,0,143,11:46:51.86,572,202,606,227,1.0,,,,,,,,,,,
144,0,144,11:46:51.97,572,202,606,227,1.0,,,,,,,,,,,
145,0,145,11:46:52.10,572,202,606,227,1.0,,,,,,,,,,,
146,0,146,11:46:52.20,572,202,606,227,1.0,,,,,,,,,,,
147,0,147,11:46:52.33,572,202,606,227,1.0,,,,,,,,,,,
148,0,148,11:46:52.44,572,202,606,227,1.0,,,,,,,,,,,
149,0,149,11:46:52.57,572,202,606,227,1.0,,,,,,,,,,,
150,0,150,11:46:52.70,572,202,606,227,1.0,,,,,,,,,,,
151,0,151,11:46:52.81,572,202,606,227,1.0,,,,,,,,,,,
152,0,152,11:46:52.93,572,202,606,227,1.0,,,,,,,,,,,
153,0,153,11:46:53.05,565,198,599,223,1.0,,,,,,,,,,,
154,0,154,11:46:53.17,561,194,595,219,1.0,,,,,,,,,,,
155,0,155,11:46:53.29,565,190,599,215,1.0,,,,,,,,,,,
156,0,156,11:46:53.40,569,190,603,215,1.0,,,,,,,,,,,
157,0,157,11:46:53.53,580,190,614,215,1.0,,,,,,,,,,,
158,0,158,11:46:53.64,595,187,629,212,1.0,,,,,,,,,,,
159,0,159,11:46:53.75,624,187,658,212,1.0,,,,,,,,,,,
160,0,160,11:46:53.86,632,183,666,208,1.0,,,,,,,,,,,
161,0,161,11:46:53.98,632,187,666,212,1.0,,,,,,,,,,,
162,0,162,11:46:54.11,632,187,666,212,1.0,,,,,,,,,,,
163,0,163,11:46:54.23,632,187,666,212,1.0,,,,,,,,,,,
164,0,164,11:46:54.34,632,187,666,212,1.0,,,,,,,,,,,
165,0,165,11:46:54.48,632,187,666,212,1.0,,,,,,,,,,,
166,0,166,11:46:54.59,632,187,666,212,1.0,,,,,,,,,,,
167,0,167,11:46:54.71,632,187,666,212,1.0,,,,,,,,,,,
168,0,168,11:46:54.83,632,187,666,212,1.0,,,,,,,,,,,
169,0,169,11:46:54.94,632,187,666,212,1.0,,,,,,,,,,,
170,0,170,11:46:55.06,632,187,666,212,1.0,,,,,,,,,,,
171,0,171,11:46:55.19,632,187,666,212,1.0,,,,,,,,,,,
172,0,172,11:46:55.32,632,187,666,212,1.0,,,,,,,,,,,
173,0,173,11:46:55.43,632,187,666,212,1.0,,,,,,,,,,,
174,0,174,11:46:55.54,632,187,666,212,1.0,,,,,,,,,,,
175,0,175,11:46:55.66,632,187,666,212,1.0,,,,,,,,,,,
176,0,176,11:46:55.78,632,187,666,212,1.0,,,,,,,,,,,
177,0,177,11:46:56.68,632,187,666,212,1.0,,,,,,,,,,,
178,0,178,11:46:56.82,632,187,666,212,1.0,,,,,,,,,,,
179,0,179,11:46:56.94,632,187,666,212,1.0,,,,,,,,,,,
180,0,180,11:46:57.07,632,187,666,212,1.0,,,,,,,,,,,
181,0,181,11:46:57.19,632,187,666,212,1.0,,,,,,,,,,,
182,0,182,11:46:57.31,632,187,666,212,1.0,,,,,,,,,,,
183,0,183,11:46:57.43,632,187,666,212,1.0,,,,,,,,,,,
184,0,184,11:46:57.56,632,187,666,212,1.0,,,,,,,,,,,
185,0,185,11:46:57.69,632,187,666,212,1.0,,,,,,,,,,,
186,0,186,11:46:57.82,632,187,666,212,1.0,,,,,,,,,,,
187,0,187,11:46:57.96,632,187,666,212,1.0,,,,,,,,,,,
188,0,188,11:46:58.08,632,187,666,212,1.0,,,,,,,,,,,
189,0,189,11:46:58.20,632,187,666,212,1.0,,,,,,,,,,,
190,0,190,11:46:58.31,632,187,666,212,1.0,,,,,,,,,,,
191,0,191,11:46:58.42,632,187,666,212,1.0,,,,,,,,,,,
192,0,192,11:46:58.55,632,187,666,212,1.0,,,,,,,,,,,
193,0,193,11:46:58.67,632,187,666,212,1.0,,,,,,,,,,,
194,0,194,11:46:58.80,632,187,666,212,1.0,,,,,,,,,,,
195,0,195,11:46:58.92,632,187,666,212,1.0,,,,,,,,,,,
196,0,196,11:46:59.04,632,187,666,212,1.0,,,,,,,,,,,
197,0,197,11:46:59.17,632,187,666,212,1.0,,,,,,,,,,,
198,0,198,11:46:59.30,632,187,666,212,1.0,,,,,,,,,,,
199,0,199,11:46:59.42,632,187,666,212,1.0,,,,,,,,,,,
200,0,200,11:46:59.54,632,187,666,212,1.0,,,,,,,,,,,
201,0,201,11:46:59.67,632,187,666,212,1.0,,,,,,,,,,,
202,0,202,11:46:59.78,632,187,666,212,1.0,,,,,,,,,,,
203,0,203,11:46:59.91,632,187,666,212,1.0,,,,,,,,,,,
204,0,204,11:47:00.03,632,187,666,212,1.0,,,,,,,,,,,
205,0,205,11:47:00.15,632,187,666,212,1.0,,,,,,,,,,,
206,0,206,11:47:00.26,632,187,666,212,1.0,,,,,,,,,,,
207,0,207,11:47:00.39,632,187,666,212,1.0,,,,,,,,,,,
208,0,208,11:47:00.50,632,187,666,212,1.0,,,,,,,,,,,
209,0,209,11:47:00.61,632,187,666,212,1.0,,,,,,,,,,,
210,0,210,11:47:00.74,632,187,666,212,1.0,,,,,,,,,,,
211,0,211,11:47:00.85,632,187,666,212,1.0,,,,,,,,,,,
212,0,212,11:47:00.96,632,187,666,212,1.0,,,,,,,,,,,
213,0,213,11:47:01.07,632,187,666,212,1.0,,,,,,,,,,,
214,0,214,11:47:01.18,632,187,666,212,1.0,,,,,,,,,,,
215,0,215,11:47:01.31,632,187,666,212,1.0,,,,,,,,,,,
216,0,216,11:47:01.41,632,187,666,212,1.0,,,,,,,,,,,
217,0,217,11:47:01.53,632,187,666,212,1.0,,,,,,,,,,,
218,0,218,11:47:01.63,632,187,666,212,1.0,,,,,,,,,,,
219,0,219,11:47:01.74,632,187,666,212,1.0,,,,,,,,,,,
220,0,220,11:47:01.88,632,187,666,212,1.0,,,,,,,,,,,
221,0,221,11:47:01.99,632,187,666,212,1.0,,,,,,,,,,,
222,0,222,11:47:02.10,632,187,666,212,1.0,,,,,,,,,,,
223,0,223,11:47:02.21,632,187,666,212,1.0,,,,,,,,,,,
224,0,224,11:47:02.33,632,187,666,212,1.0,,,,,,,,,,,
225,0,225,11:47:02.46,632,187,666,212,1.0,,,,,,,,,,,
226,0,226,11:47:02.57,632,187,666,212,1.0,,,,,,,,,,,
227,0,227,11:47:02.68,632,187,666,212,1.0,,,,,,,,,,,
228,0,228,11:47:02.79,632,187,666,212,1.0,,,,,,,,,,,
229,0,229,11:47:02.90,632,187,666,212,1.0,,,,,,,,,,,
230,0,230,11:47:03.02,632,187,666,212,1.0,,,,,,,,,,,
231,0,231,11:47:03.13,632,187,666,212,1.0,,,,,,,,,,,
232,0,232,11:47:03.24,632,187,666,212,1.0,,,,,,,,,,,
233,0,233,11:47:03.35,632,187,666,212,1.0,,,,,,,,,,,
234,0,234,11:47:03.46,632,187,666,212,1.0,,,,,,,,,,,
235,0,235,11:47:03.58,632,187,666,212,1.0,,,,,,,,,,,
236,0,236,11:47:03.69,632,187,666,212,1.0,,,,,,,,,,,
237,0,237,11:47:03.80,632,187,666,212,1.0,,,,,,,,,,,
238,0,238,11:47:03.91,632,187,666,212,1.0,,,,,,,,,,,
239,0,239,11:47:04.05,632,187,666,212,1.0,,,,,,,,,,,
240,0,240,11:47:04.16,632,187,666,212,1.0,,,,,,,,,,,
241,0,241,11:47:04.30,632,187,666,212,1.0,,,,,,,,,,,
242,0,242,11:47:04.43,632,187,666,212,1.0,,,,,,,,,,,
243,0,243,11:47:04.55,632,187,666,212,1.0,,,,,,,,,,,
244,0,244,11:47:04.65,632,187,666,212,1.0,,,,,,,,,,,
245,0,245,11:47:04.77,632,187,666,212,1.0,,,,,,,,,,,
246,0,246,11:47:04.88,632,187,666,212,1.0,,,,,,,,,,,
247,0,247,11:47:04.99,632,187,666,212,1.0,,,,,,,,,,,
248,0,248,11:47:05.11,632,187,666,212,1.0,,,,,,,,,,,
249,0,249,11:47:05.20,632,187,666,212,1.0,,,,,,,,,,,
250,0,250,11:47:05.32,632,187,666,212,1.0,,,,,,,,,,,
251,0,251,11:47:05.42,632,187,666,212,1.0,,,,,,,,,,,
252,0,252,11:47:05.54,632,187,666,212,1.0,,,,,,,,,,,
253,0,253,11:47:05.66,632,187,666,212,1.0,,,,,,,,,,,
254,0,254,11:47:05.77,632,187,666,212,1.0,,,,,,,,,,,
255,0,255,11:47:05.90,632,187,666,212,1.0,,,,,,,,,,,
256,0,256,11:47:06.03,632,187,666,212,1.0,,,,,,,,,,,
257,0,257,11:47:06.13,632,187,666,212,1.0,,,,,,,,,,,
258,0,258,11:47:06.26,632,187,666,212,1.0,,,,,,,,,,,
259,0,259,11:47:06.39,632,187,666,212,1.0,,,,,,,,,,,
260,0,260,11:47:06.51,632,187,666,212,1.0,,,,,,,,,,,
261,0,261,11:47:06.65,632,187,666,212,1.0,,,,,,,,,,,
262,0,262,11:47:06.76,632,187,666,212,1.0,,,,,,,,,,,
263,0,263,11:47:06.88,632,187,666,212,1.0,,,,,,,,,,,
264,0,264,11:47:06.99,632,187,666,212,1.0,,,,,,,,,,,
265,0,265,11:47:07.11,632,187,666,212,1.0,,,,,,,,,,,
266,0,266,11:47:07.24,632,187,666,212,1.0,,,,,,,,,,,
267,0,267,11:47:07.37,632,187,666,212,1.0,,,,,,,,,,,
268,0,268,11:47:07.46,632,187,666,212,1.0,,,,,,,,,,,
269,0,269,11:47:07.58,632,187,666,212,1.0,,,,,,,,,,,
270,0,270,11:47:07.71,632,187,666,212,1.0,,,,,,,,,,,
271,0,271,11:47:07.84,632,187,666,212,1.0,,,,,,,,,,,
272,0,272,11:47:07.95,632,187,666,212,1.0,,,,,,,,,,,
273,0,273,11:47:08.06,632,187,666,212,1.0,,,,,,,,,,,
274,0,274,11:47:08.17,632,187,666,212,1.0,,,,,,,,,,,
275,0,275,11:47:08.27,632,187,666,212,1.0,,,,,,,,,,,
276,0,276,11:47:08.38,632,187,666,212,1.0,,,,,,,,,,,
277,0,277,11:47:08.49,632,187,666,212,1.0,,,,,,,,,,,
278,0,278,11:47:08.60,632,187,666,212,1.0,,,,,,,,,,,
279,0,279,11:47:08.73,631,186,665,211,1.0,,,,,,,,,,,
280,0,280,11:47:08.85,631,186,665,211,1.0,,,,,,,,,,,
281,0,281,11:47:08.98,631,186,665,211,1.0,,,,,,,,,,,
282,0,282,11:47:09.10,631,186,665,211,1.0,,,,,,,,,,,
283,0,283,11:47:09.22,631,186,665,211,1.0,,,,,,,,,,,
284,0,284,11:47:09.34,631,186,665,211,1.0,,,,,,,,,,,
285,0,285,11:47:09.46,631,186,665,211,1.0,,,,,,,,,,,
286,0,286,11:47:09.57,631,186,665,211,1.0,,,,,,,,,,,
287,0,287,11:47:09.69,631,186,665,211,1.0,,,,,,,,,,,
288,0,288,11:47:09.82,631,186,665,211,1.0,,,,,,,,,,,
289,0,289,11:47:09.94,631,186,665,211,1.0,,,,,,,,,,,
290,0,290,11:47:10.08,631,186,665,211,1.0,,,,,,,,,,,
291,0,291,11:47:10.20,631,186,665,211,1.0,,,,,,,,,,,
292,0,292,11:47:10.32,631,186,665,211,1.0,,,,,,,,,,,
293,0,293,11:47:10.42,631,186,665,211,1.0,,,,,,,,,,,
294,0,294,11:47:10.54,631,186,665,211,1.0,,,,,,,,,,,
295,0,295,11:47:10.65,624,190,658,215,1.0,,,,,,,,,,,
296,0,296,11:47:10.77,620,194,654,219,1.0,,,,,,,,,,,
297,0,297,11:47:10.88,616,198,650,223,1.0,,,,,,,,,,,
298,0,298,11:47:10.99,620,198,654,223,1.0,,,,,,,,,,,
299,0,299,11:47:11.11,650,198,684,223,1.0,,,,,,,,,,,
300,0,300,11:47:11.23,658,198,692,223,1.0,,,,,,,,,,,
301,0,301,11:47:11.34,688,202,722,227,1.0,,,,,,,,,,,
302,0,302,11:47:11.45,696,202,730,227,1.0,,,,,,,,,,,
303,0,303,11:47:11.56,726,205,760,230,1.0,,,,,,,,,,,
304,0,304,11:47:11.69,734,205,768,230,1.0,,,,,,,,,,,
305,0,305,11:47:11.81,752,205,786,230,1.0,,,,,,,,,,,
306,0,306,11:47:11.94,760,205,794,230,1.0,,,,,,,,,,,
307,0,307,11:47:12.07,760,205,794,230,1.0,,,,,,,,,,,
308,0,308,11:47:12.18,756,205,790,230,1.0,,,,,,,,,,,
309,0,309,11:47:12.27,752,205,786,230,1.0,,,,,,,,,,,
310,0,310,11:47:12.39,752,205,786,230,1.0,,,,,,,,,,,
311,0,311,11:47:12.51,752,205,786,230,1.0,,,,,,,,,,,
312,0,312,11:47:12.62,752,205,786,230,1.0,,,,,,,,,,,
313,0,313,11:47:12.74,752,205,786,230,1.0,,,,,,,,,,,
314,0,314,11:47:12.86,752,205,786,230,1.0,,,,,,,,,,,
315,0,315,11:47:12.96,752,205,786,230,1.0,,,,,,,,,,,
316,0,316,11:47:13.08,752,209,786,234,1.0,,,,,,,,,,,
317,0,317,11:47:13.20,752,217,786,242,1.0,,,,,,,,,,,
318,0,318,11:47:13.31,752,220,786,245,1.0,,,,,,,,,,,
319,0,319,11:47:13.42,745,220,779,245,1.0,,,,,,,,,,,
320,0,320,11:47:13.54,734,220,768,245,1.0,,,,,,,,,,,
321,0,321,11:47:13.66,730,220,764,245,1.0,,,,,,,,,,,
322,0,322,11:47:13.79,722,220,756,245,1.0,,,,,,,,,,,
323,0,323,11:47:13.90,718,224,752,249,1.0,,,,,,,,,,,
324,0,324,11:47:14.02,718,224,752,249,1.0,,,,,,,,,,,
325,0,325,11:47:14.14,718,224,752,249,1.0,,,,,,,,,,,
326,0,326,11:47:14.24,718,224,752,249,1.0,,,,,,,,,,,
327,0,327,11:47:14.35,718,224,752,249,1.0,,,,,,,,,,,
328,0,328,11:47:14.49,718,224,752,249,1.0,,,,,,,,,,,
329,0,329,11:47:14.60,718,224,752,249,1.0,,,,,,,,,,,
330,0,330,11:47:14.72,718,224,752,249,1.0,,,,,,,,,,,
331,0,331,11:47:14.84,718,224,752,249,1.0,,,,,,,,,,,
332,0,332,11:47:14.96,718,224,752,249,1.0,,,,,,,,,,,
333,0,333,11:47:15.08,718,224,752,249,1.0,,,,,,,,,,,
334,0,334,11:47:15.19,718,224,752,249,1.0,,,,,,,,,,,
335,0,335,11:47:15.30,718,224,752,249,1.0,,,,,,,,,,,
336,0,336,11:47:15.43,718,224,752,249,1.0,,,,,,,,,,,
337,0,337,11:47:15.55,718,224,752,249,1.0,,,,,,,,,,,
338,0,338,11:47:15.66,718,224,752,249,1.0,,,,,,,,,,,
339,0,339,11:47:15.79,718,224,752,249,1.0,,,,,,,,,,,
340,0,340,11:47:15.90,718,224,752,249,1.0,,,,,,,,,,,
341,0,341,11:47:16.03,718,224,752,249,1.0,,,,,,,,,,,
342,0,342,11:47:16.15,718,224,752,249,1.0,,,,,,,,,,,
343,0,343,11:47:16.29,718,224,752,249,1.0,,,,,,,,,,,
344,0,344,11:47:16.40,718,224,752,249,1.0,,,,,,,,,,,
345,0,345,11:47:16.52,718,224,752,249,1.0,,,,,,,,,,,
346,0,346,11:47:16.65,718,224,752,249,1.0,,,,,,,,,,,
347,0,347,11:47:16.79,718,224,752,249,1.0,,,,,,,,,,,
348,0,348,11:47:16.91,718,224,752,249,1.0,,,,,,,,,,,
349,0,349,11:47:17.01,715,243,749,268,1.0,,,,,,,,,,,
350,0,350,11:47:17.14,722,243,756,268,1.0,,,,,,,,,,,
351,0,351,11:47:17.27,730,243,764,268,1.0,,,,,,,,,,,
352,0,352,11:47:17.37,741,247,775,272,1.0,,,,,,,,,,,
353,0,353,11:47:17.46,752,247,786,272,1.0,,,,,,,,,,,
354,0,354,11:47:17.58,764,247,798,272,1.0,,,,,,,,,,,
355,0,355,11:47:17.70,771,251,805,276,1.0,,,,,,,,,,,
356,0,356,11:47:17.84,779,251,813,276,1.0,,,,,,,,,,,
357,0,357,11:47:17.95,783,251,817,276,1.0,,,,,,,,,,,
358,0,358,11:47:18.06,787,251,821,276,1.0,,,,,,,,,,,
359,0,359,11:47:18.19,783,251,817,276,1.0,,,,,,,,,,,
360,0,360,11:47:18.31,779,255,813,280,1.0,,,,,,,,,,,
361,0,361,11:47:18.43,775,255,809,280,1.0,,,,,,,,,,,
362,0,362,11:47:18.52,771,255,805,280,1.0,,,,,,,,,,,
363,0,363,11:47:18.62,764,255,798,280,1.0,,,,,,,,,,,
364,0,364,11:47:18.74,752,255,786,280,1.0,,,,,,,,,,,
365,0,365,11:47:18.87,745,255,779,280,1.0,,,,,,,,,,,
366,0,366,11:47:18.98,734,258,768,283,1.0,,,,,,,,,,,
367,0,367,11:47:19.09,726,258,760,283,1.0,,,,,,,,,,,
368,0,368,11:47:19.20,715,258,749,283,1.0,,,,,,,,,,,
369,0,369,11:47:19.32,707,258,741,283,1.0,,,,,,,,,,,
370,0,370,11:47:19.43,699,258,733,283,1.0,,,,,,,,,,,
371,0,371,11:47:19.56,692,258,726,283,1.0,,,,,,,,,,,
372,0,372,11:47:19.67,680,258,714,283,1.0,,,,,,,,,,,
373,0,373,11:47:19.78,673,262,707,287,1.0,,,,,,,,,,,
374,0,374,11:47:19.89,665,262,699,287,1.0,,,,,,,,,,,
375,0,375,11:47:20.01,654,262,688,287,1.0,,,,,,,,,,,
376,0,376,11:47:20.13,646,262,680,287,1.0,,,,,,,,,,,
377,0,377,11:47:20.24,635,262,669,287,1.0,,,,,,,,,,,
378,0,378,11:47:20.36,616,262,650,287,1.0,,,,,,,,,,,
379,0,379,11:47:20.45,609,262,643,287,1.0,,,,,,,,,,,
380,0,380,11:47:20.57,601,262,635,287,1.0,,,,,,,,,,,
381,0,381,11:47:20.70,582,262,616,287,1.0,,,,,,,,,,,
382,0,382,11:47:20.83,574,262,608,287,1.0,,,,,,,,,,,
383,0,383,11:47:20.94,567,262,601,287,1.0,,,,,,,,,,,
384,0,384,11:47:21.06,563,262,597,287,1.0,,,,,,,,,,,
385,0,385,11:47:21.19,563,262,597,287,1.0,,,,,,,,,,,
386,0,386,11:47:21.32,563,262,597,287,1.0,,,,,,,,,,,
387,0,387,11:47:21.44,567,266,601,291,1.0,,,,,,,,,,,
388,0,388,11:47:21.55,571,266,605,291,1.0,,,,,,,,,,,
389,0,389,11:47:21.67,578,266,612,291,1.0,,,,,,,,,,,
390,0,390,11:47:21.79,582,266,616,291,1.0,,,,,,,,,,,
391,0,391,11:47:21.90,590,266,624,291,1.0,,,,,,,,,,,
392,0,392,11:47:22.01,597,266,631,291,1.0,,,,,,,,,,,
393,0,393,11:47:22.12,601,266,635,291,1.0,,,,,,,,,,,
394,0,394,11:47:22.24,605,266,639,291,1.0,,,,,,,,,,,
395,0,395,11:47:22.35,612,266,646,291,1.0,,,,,,,,,,,
396,0,396,11:47:22.47,616,266,650,291,1.0,,,,,,,,,,,
397,0,397,11:47:22.59,624,270,658,295,1.0,,,,,,,,,,,
398,0,398,11:47:22.72,631,270,665,295,1.0,,,,,,,,,,,
399,0,399,11:47:22.84,635,270,669,295,1.0,,,,,,,,,,,
400,0,400,11:47:22.96,643,270,677,295,1.0,,,,,,,,,,,
401,0,401,11:47:23.07,646,270,680,295,1.0,,,,,,,,,,,
402,0,402,11:47:23.19,654,270,688,295,1.0,,,,,,,,,,,
403,0,403,11:47:23.30,662,270,696,295,1.0,,,,,,,,,,,
404,0,404,11:47:23.42,665,270,699,295,1.0,,,,,,,,,,,
405,0,405,11:47:23.55,669,270,703,295,1.0,,,,,,,,,,,
406,0,406,11:47:23.68,669,270,703,295,1.0,,,,,,,,,,,
407,0,407,11:47:23.81,669,270,703,295,1.0,,,,,,,,,,,
408,0,408,11:47:23.93,665,270,699,295,1.0,,,,,,,,,,,
409,0,409,11:47:24.04,658,270,692,295,1.0,,,,,,,,,,,
410,0,410,11:47:24.19,650,270,684,295,1.0,,,,,,,,,,,
411,0,411,11:47:24.29,643,270,677,295,1.0,,,,,,,,,,,
412,0,412,11:47:24.41,631,270,665,295,1.0,,,,,,,,,,,
413,0,413,11:47:24.53,624,270,658,295,1.0,,,,,,,,,,,
414,0,414,11:47:24.65,612,266,646,291,1.0,,,,,,,,,,,
415,0,415,11:47:24.76,601,266,635,291,1.0,,,,,,,,,,,
416,0,416,11:47:24.87,593,266,627,291,1.0,,,,,,,,,,,
417,0,417,11:47:24.99,586,266,620,291,1.0,,,,,,,,,,,
418,0,418,11:47:25.11,574,266,608,291,1.0,,,,,,,,,,,
419,0,419,11:47:25.22,567,266,601,291,1.0,,,,,,,,,,,
420,0,420,11:47:25.34,555,262,589,287,1.0,,,,,,,,,,,
421,0,421,11:47:25.46,548,262,582,287,1.0,,,,,,,,,,,
422,0,422,11:47:25.58,537,258,571,283,1.0,,,,,,,,,,,
423,0,423,11:47:25.70,529,258,563,283,1.0,,,,,,,,,,,
424,0,424,11:47:25.82,521,258,555,283,1.0,,,,,,,,,,,
425,0,425,11:47:25.93,506,258,540,283,1.0,,,,,,,,,,,
426,0,426,11:47:26.04,502,258,536,283,1.0,,,,,,,,,,,
427,0,427,11:47:26.16,499,258,533,283,1.0,,,,,,,,,,,
428,0,428,11:47:26.28,499,255,533,280,1.0,,,,,,,,,,,
429,0,429,11:47:26.40,499,255,533,280,1.0,,,,,,,,,,,
430,0,430,11:47:26.51,502,255,536,280,1.0,,,,,,,,,,,
431,0,431,11:47:26.61,506,255,540,280,1.0,,,,,,,,,,,
432,0,432,11:47:26.72,510,251,544,276,1.0,,,,,,,,,,,
433,0,433,11:47:26.85,518,251,552,276,1.0,,,,,,,,,,,
434,0,434,11:47:26.97,529,251,563,276,1.0,,,,,,,,,,,
435,0,435,11:47:27.08,537,251,571,276,1.0,,,,,,,,,,,
436,0,436,11:47:27.20,544,251,578,276,1.0,,,,,,,,,,,
437,0,437,11:47:27.33,552,251,586,276,1.0,,,,,,,,,,,
438,0,438,11:47:27.45,555,247,589,272,1.0,,,,,,,,,,,
439,0,439,11:47:27.56,582,247,616,272,1.0,,,,,,,,,,,
440,0,440,11:47:27.67,590,247,624,272,1.0,,,,,,,,,,,
441,0,441,11:47:27.79,597,247,631,272,1.0,,,,,,,,,,,
442,0,442,11:47:27.91,609,243,643,268,1.0,,,,,,,,,,,
443,0,443,11:47:28.02,616,243,650,268,1.0,,,,,,,,,,,
444,0,444,11:47:28.13,620,243,654,268,1.0,,,,,,,,,,,
445,0,445,11:47:28.25,627,239,661,264,1.0,,,,,,,,,,,
446,0,446,11:47:28.38,635,239,669,264,1.0,,,,,,,,,,,
447,0,447,11:47:28.50,635,239,669,264,1.0,,,,,,,,,,,
448,0,448,11:47:28.62,635,239,669,264,1.0,,,,,,,,,,,
449,0,449,11:47:28.74,635,239,669,264,1.0,,,,,,,,,,,
450,0,450,11:47:28.85,635,239,669,264,1.0,,,,,,,,,,,
451,0,451,11:47:28.97,635,239,669,264,1.0,,,,,,,,,,,
452,0,452,11:47:29.09,635,239,669,264,1.0,,,,,,,,,,,
453,0,453,11:47:29.21,635,239,669,264,1.0,,,,,,,,,,,
454,0,454,11:47:29.32,635,239,669,264,1.0,,,,,,,,,,,
455,0,455,11:47:29.44,635,236,669,261,1.0,,,,,,,,,,,
456,0,456,11:47:29.55,635,232,669,257,1.0,,,,,,,,,,,
457,0,457,11:47:29.68,635,224,669,249,1.0,,,,,,,,,,,
458,0,458,11:47:29.80,635,220,669,245,1.0,,,,,,,,,,,
459,0,459,11:47:29.93,635,220,669,245,1.0,,,,,,,,,,,
460,0,460,11:47:30.05,635,220,669,245,1.0,,,,,,,,,,,
461,0,461,11:47:30.16,635,220,669,245,1.0,,,,,,,,,,,
462,0,462,11:47:30.28,635,220,669,245,1.0,,,,,,,,,,,
463,0,463,11:47:30.40,639,220,673,245,1.0,,,,,,,,,,,
464,0,464,11:47:30.50,643,217,677,242,1.0,,,,,,,,,,,
465,0,465,11:47:30.61,646,217,680,242,1.0,,,,,,,,,,,
466,0,466,11:47:30.72,643,217,677,242,1.0,,,,,,,,,,,
467,0,467,11:47:30.85,635,213,669,238,1.0,,,,,,,,,,,
468,0,468,11:47:30.97,627,213,661,238,1.0,,,,,,,,,,,
469,0,469,11:47:31.09,620,213,654,238,1.0,,,,,,,,,,,
470,0,470,11:47:31.20,590,209,624,234,1.0,,,,,,,,,,,
471,0,471,11:47:31.33,582,205,616,230,1.0,,,,,,,,,,,
472,0,472,11:47:31.44,574,205,608,230,1.0,,,,,,,,,,,
473,0,473,11:47:31.56,571,205,605,230,1.0,,,,,,,,,,,
474,0,474,11:47:31.67,563,205,597,230,1.0,,,,,,,,,,,
475,0,475,11:47:31.78,548,202,582,227,1.0,,,,,,,,,,,
476,0,476,11:47:31.91,525,198,559,223,1.0,,,,,,,,,,,
477,0,477,11:47:32.03,521,198,555,223,1.0,,,,,,,,,,,
478,0,478,11:47:32.16,521,198,555,223,1.0,,,,,,,,,,,
479,0,479,11:47:32.30,518,194,552,219,1.0,,,,,,,,,,,
480,0,480,11:47:32.42,510,194,544,219,1.0,,,,,,,,,,,
481,0,481,11:47:32.53,510,190,544,215,1.0,,,,,,,,,,,
482,0,482,11:47:32.65,506,190,540,215,1.0,,,,,,,,,,,
483,0,483,11:47:32.78,502,190,536,215,1.0,,,,,,,,,,,
484,0,484,11:47:32.90,510,190,544,215,1.0,,,,,,,,,,,
485,0,485,11:47:33.01,518,190,552,215,1.0,,,,,,,,,,,
486,0,486,11:47:33.13,529,190,563,215,1.0,,,,,,,,,,,
487,0,487,11:47:33.26,540,194,574,219,1.0,,,,,,,,,,,
488,0,488,11:47:33.37,552,194,586,219,1.0,,,,,,,,,,,
489,0,489,11:47:33.49,563,194,597,219,1.0,,,,,,,,,,,
490,0,490,11:47:33.59,574,198,608,223,1.0,,,,,,,,,,,
491,0,491,11:47:33.71,582,198,616,223,1.0,,,,,,,,,,,
492,0,492,11:47:33.83,590,198,624,223,1.0,,,,,,,,,,,
493,0,493,11:47:33.96,597,198,631,223,1.0,,,,,,,,,,,
494,0,494,11:47:34.08,609,202,643,227,1.0,,,,,,,,,,,
495,0,495,11:47:34.19,624,202,658,227,1.0,,,,,,,,,,,
496,0,496,11:47:34.32,635,205,669,230,1.0,,,,,,,,,,,
497,0,497,11:47:34.45,643,205,677,230,1.0,,,,,,,,,,,
498,0,498,11:47:34.56,650,205,684,230,1.0,,,,,,,,,,,
499,0,499,11:47:34.68,654,205,688,230,1.0,,,,,,,,,,,
500,0,500,11:47:34.79,658,205,692,230,1.0,,,,,,,,,,,
501,0,501,11:47:34.91,654,209,688,234,1.0,,,,,,,,,,,
502,0,502,11:47:35.02,650,209,684,234,1.0,,,,,,,,,,,
503,0,503,11:47:35.15,643,209,677,234,1.0,,,,,,,,,,,
504,0,504,11:47:35.27,631,213,665,238,1.0,,,,,,,,,,,
505,0,505,11:47:35.38,616,213,650,238,1.0,,,,,,,,,,,
506,0,506,11:47:35.48,605,217,639,242,1.0,,,,,,,,,,,
507,0,507,11:47:35.61,597,217,631,242,1.0,,,,,,,,,,,
508,0,508,11:47:35.73,597,217,631,242,1.0,,,,,,,,,,,
509,0,509,11:47:35.86,597,217,631,242,1.0,,,,,,,,,,,
510,0,510,11:47:35.99,597,217,631,242,1.0,,,,,,,,,,,
511,0,511,11:47:36.11,597,217,631,242,1.0,,,,,,,,,,,
512,0,512,11:47:36.23,597,217,631,242,1.0,,,,,,,,,,,
513,0,513,11:47:36.34,597,217,631,242,1.0,,,,,,,,,,,
514,0,514,11:47:36.44,597,217,631,242,1.0,,,,,,,,,,,
515,0,515,11:47:36.54,597,217,631,242,1.0,,,,,,,,,,,
516,0,516,11:47:36.67,597,217,631,242,1.0,,,,,,,,,,,
517,0,517,11:47:36.79,597,217,631,242,1.0,,,,,,,,,,,
518,0,518,11:47:36.91,597,217,631,242,1.0,,,,,,,,,,,
519,0,519,11:47:37.04,597,217,631,242,1.0,,,,,,,,,,,
520,0,520,11:47:37.15,597,217,631,242,1.0,,,,,,,,,,,
521,0,521,11:47:37.25,597,217,631,242,1.0,,,,,,,,,,,
522,0,522,11:47:37.38,597,217,631,242,1.0,,,,,,,,,,,
